-- phpMyAdmin SQL Dump
-- version 5.1.0
-- https://www.phpmyadmin.net/
--
-- Host: 127.0.0.1
-- Tempo de geração: 08-Dez-2021 às 04:58
-- Versão do servidor: 10.4.19-MariaDB
-- versão do PHP: 8.0.6

SET SQL_MODE = "NO_AUTO_VALUE_ON_ZERO";
START TRANSACTION;
SET time_zone = "+00:00";


/*!40101 SET @OLD_CHARACTER_SET_CLIENT=@@CHARACTER_SET_CLIENT */;
/*!40101 SET @OLD_CHARACTER_SET_RESULTS=@@CHARACTER_SET_RESULTS */;
/*!40101 SET @OLD_COLLATION_CONNECTION=@@COLLATION_CONNECTION */;
/*!40101 SET NAMES utf8mb4 */;

--
-- Banco de dados: `bregaboys`
--

-- --------------------------------------------------------

--
-- Estrutura da tabela `categoriasalario`
--

CREATE TABLE `categoriasalario` (
  `codigoCategoriaSalario` int(11) NOT NULL,
  `valorCategoriaSalario` float DEFAULT NULL
) ENGINE=InnoDB DEFAULT CHARSET=latin1;

--
-- Extraindo dados da tabela `categoriasalario`
--

INSERT INTO `categoriasalario` (`codigoCategoriaSalario`, `valorCategoriaSalario`) VALUES
(1, 1000),
(2, 2500),
(3, 5000),
(4, 7500);

-- --------------------------------------------------------

--
-- Estrutura da tabela `cliente`
--

CREATE TABLE `cliente` (
  `codigoCliente` int(11) NOT NULL,
  `senhaCliente` varchar(256) DEFAULT NULL,
  `nomeCliente` varchar(256) DEFAULT NULL,
  `telefoneCliente` varchar(12) DEFAULT NULL,
  `emailCliente` varchar(256) DEFAULT NULL,
  `codigoEndereco` int(11) NOT NULL
) ENGINE=InnoDB DEFAULT CHARSET=latin1;

--
-- Extraindo dados da tabela `cliente`
--

INSERT INTO `cliente` (`codigoCliente`, `senhaCliente`, `nomeCliente`, `telefoneCliente`, `emailCliente`, `codigoEndereco`) VALUES
(1, '37B7C972BD4BBEDA31866327FA2A849E2DC02D64572E32240DC45506FC077BDB', 'Vinícius Meng', '54 3326-3790', 'vinimeng@hotmail.com', 11),
(2, '37B7C972BD4BBEDA31866327FA2A849E2DC02D64572E32240DC45506FC077BDB', 'Jaspion Silveira', '57 3352-9965', 'tatsumako@tutsuni.com', 12),
(3, '37B7C972BD4BBEDA31866327FA2A849E2DC02D64572E32240DC45506FC077BDB', 'Yudi Jiraya ', '69 3256-8456', 'praistaition@rapjapa.com', 13),
(4, '37B7C972BD4BBEDA31866327FA2A849E2DC02D64572E32240DC45506FC077BDB', 'Priscila Sakura', '53 3569-9878', 'anime@virji.com', 14),
(5, '37B7C972BD4BBEDA31866327FA2A849E2DC02D64572E32240DC45506FC077BDB', 'Guy Gardner', '75 3215-7880', 'lanterneverdegay@dc.com', 15),
(6, '37B7C972BD4BBEDA31866327FA2A849E2DC02D64572E32240DC45506FC077BDB', 'Bruce Wayne', '56 3369-9889', 'nsouobatman@batman.com', 16),
(7, '37B7C972BD4BBEDA31866327FA2A849E2DC02D64572E32240DC45506FC077BDB', 'Alan Harper', '54 3358-7691', 'alinho@2emeio.com', 17),
(8, '37B7C972BD4BBEDA31866327FA2A849E2DC02D64572E32240DC45506FC077BDB', 'Luke Starkiller', '58 3225-9876', 'lukeson@banela.com', 18),
(9, '37B7C972BD4BBEDA31866327FA2A849E2DC02D64572E32240DC45506FC077BDB', 'George Abrams', '54 3358-9699', 'georginhopik@disney.com', 19),
(10, '37B7C972BD4BBEDA31866327FA2A849E2DC02D64572E32240DC45506FC077BDB', 'JJ Lucas', '54 3226-8996', 'jjlucas@starwars.com', 20);

-- --------------------------------------------------------

--
-- Estrutura da tabela `compra`
--

CREATE TABLE `compra` (
  `codigoCompra` int(11) NOT NULL,
  `codigoCliente` int(11) NOT NULL,
  `codigoTransportadora` int(11) NOT NULL
) ENGINE=InnoDB DEFAULT CHARSET=latin1;

--
-- Extraindo dados da tabela `compra`
--

INSERT INTO `compra` (`codigoCompra`, `codigoCliente`, `codigoTransportadora`) VALUES
(1, 2, 1),
(2, 3, 2),
(3, 4, 2),
(4, 5, 5),
(5, 10, 9),
(6, 1, 6);

-- --------------------------------------------------------

--
-- Estrutura da tabela `compraproduto`
--

CREATE TABLE `compraproduto` (
  `codigoCompra` int(11) NOT NULL,
  `codigoProduto` int(11) NOT NULL,
  `quantidadeProduto` int(11) DEFAULT NULL
) ENGINE=InnoDB DEFAULT CHARSET=latin1;

--
-- Extraindo dados da tabela `compraproduto`
--

INSERT INTO `compraproduto` (`codigoCompra`, `codigoProduto`, `quantidadeProduto`) VALUES
(6, 1, 12),
(6, 7, 12);

-- --------------------------------------------------------

--
-- Estrutura da tabela `endereco`
--

CREATE TABLE `endereco` (
  `codigoEndereco` int(11) NOT NULL,
  `rua` varchar(256) DEFAULT NULL,
  `bairro` varchar(256) DEFAULT NULL,
  `estado` varchar(256) DEFAULT NULL,
  `cidade` varchar(256) DEFAULT NULL,
  `pais` varchar(256) DEFAULT NULL,
  `numeroCasa` int(11) DEFAULT NULL
) ENGINE=InnoDB DEFAULT CHARSET=latin1;

--
-- Extraindo dados da tabela `endereco`
--

INSERT INTO `endereco` (`codigoEndereco`, `rua`, `bairro`, `estado`, `cidade`, `pais`, `numeroCasa`) VALUES
(1, 'Nilva Suzete da Silva Pinto', 'Arcobaleno', 'Rio Grande do Sul', 'Caxias do Sul', 'Brasil', 10),
(2, 'Júlio de Castilhos', 'Centenário', 'Rio Grande do Sul', 'Farroupilha', 'Brasil', 11),
(3, 'Murilo Meyer', 'Azenha', 'Rio Grande do Sul', 'Porto Alegre', 'Brasil', 12),
(4, 'Luiz Lopes', 'Pio X', 'Rio Grande do Sul', 'Bento Gonçalves', 'Brasil', 13),
(5, 'Marechal Deodoro', 'Centro', 'Rio Grande do Sul', 'Carlos Barbosa', 'Brasil', 14),
(6, 'Dionisio Justa', 'Fátima', 'Rio Grande do Sul', 'Caxias do Sul', 'Brasil', 15),
(7, 'Luana Vespero', 'Cinquentenário', 'Rio Grande do Sul', 'Caxias do Sul', 'Brasil', 16),
(8, 'Joana Galil', 'Restinga', 'Rio Grande do Sul', 'Porto Alegre', 'Brasil', 17),
(9, 'Paula Oliveira', 'Colônia', 'Rio Grande do Sul', 'Bento Gonçalves', 'Brasil', 18),
(10, 'Rasputin Fonseca', 'Vitorino', 'Rio Grande do Sul', 'Bento Gonçalves', 'Brasil', 19),
(11, 'Laís Silveira', 'Cruzeiro', 'Rio Grande do Sul', 'Caxias do Sul', 'Brasil', 20),
(12, 'Ana Joaquina de Paula', 'Menino Deus', 'Rio Grande do Sul', 'Porto Alegre', 'Brasil', 21),
(13, 'Jair Nunes', 'Centro', 'Rio Grande do Sul', 'Canoas', 'Brasil', 22),
(14, 'Luiz Hoppengar', 'Oriental', 'Rio Grande do Sul', 'Canoas', 'Brasil', 23),
(15, 'Wilson Tombini Lima', 'Horto', 'Rio Grande do Sul', 'Alvorada', 'Brasil', 24),
(16, 'Jörgen Klapp', 'Alemão', 'Rio Grande do Sul', 'Nova Hartz', 'Brasil', 25),
(17, 'João Silva', 'Rural', 'Rio Grande do Sul', 'Esmeralda', 'Brasil', 26),
(18, 'Maria Roberta Silveira', 'Centro', 'Rio Grande do Sul', 'Pinhal da Serra', 'Brasil', 27),
(19, 'Helena Suzana de Bruno', 'Jarari', 'Rio Grande do Sul', 'Cazuza Ferreira', 'Brasil', 28),
(20, 'Jair Mauro de Pena', 'Pedra Curva', 'Rio Grande do Sul', 'Pedra Lisa', 'Brasil', 29),
(21, 'Maurício Jonas ', 'Tigroso', 'Rio Grande do Sul', 'Campestre do Tigre', 'Brasil', 30),
(22, 'Das Palmeiras', 'Parque', 'Rio Grande do Sul', 'Vacaria', 'Brasil', 31),
(23, 'Gurizada Fandangueira', 'Kiss', 'Rio Grande do Sul', 'Santa Maria', 'Brasil', 32),
(24, 'Hilbert Viana', 'Alegrete', 'Rio Grande do Sul', 'Uruguaiana', 'Brasil', 33),
(25, 'Gurilana', 'Uruguaiana', 'Rio Grande do Sul', 'Alegrete', 'Brasil', 34),
(26, 'Vale das Alegrias', 'Passo Fino', 'Rio Grande do Sul', 'Passo Fundo', 'Brasil', 35),
(27, 'Porto Alegre', 'Guaipequinha', 'Rio Grande do Sul', 'Jaguarão', 'Brasil', 36),
(28, 'Presidente Castelo Branco', 'Jardim Olivia', 'Rio Grande do Sul', 'Arroio do Sal', 'Brasil', 37),
(29, 'Das Laranjeiras', 'Pedra', 'Rio Grande do Sul', 'Torres', 'Brasil', 38),
(30, 'Pirarucu', 'Jundiaí', 'Rio Grande do Sul', 'Tramandaí', 'Brasil', 39),
(31, 'Nogueira da Silva', 'Canoeiros', 'Rio Grande do Sul', 'Capão da Canoa', 'Brasil', 40),
(32, 'Thiago Viado', 'Inteligente Magro', 'Rio Grande do Sul', 'Anta Gorda', 'Brasil', 41),
(33, 'Bozo', 'Triste', 'Rio Grande do Sul', 'Feliz', 'Brasil', 42),
(34, 'Petrobrax', 'Novo Óleo', 'Rio Grande do Sul', 'Nova Petrópolis', 'Brasil', 43),
(35, 'Vinagrete', 'Novo Pastel', 'Rio Grande do Sul', 'Novo Hamburgo', 'Brasil', 44),
(36, 'Usina', 'Gasômetro', 'Rio Grande do Sul', 'Porto Alegre', 'Brasil', 45),
(37, 'Central', 'Desvio Rizzo', 'Rio Grande do Sul', 'Caxias do Sul', 'Brasil', 46),
(38, 'Júlio de Castilhos', 'Centro', 'Rio Grande do Sul', 'Farroupilha', 'Brasil', 47),
(39, 'Boulevard Voltaire', '11.º Arrondissement', 'Ilha da França', 'Paris', 'França', 50),
(40, 'Lama', 'Lama', 'Minas Gerais', 'Mariana', 'Brasil', 49);

-- --------------------------------------------------------

--
-- Estrutura da tabela `fornecedor`
--

CREATE TABLE `fornecedor` (
  `codigoFornecedor` int(11) NOT NULL,
  `nomeFornecedor` varchar(256) DEFAULT NULL,
  `telefoneFornecedor` varchar(12) DEFAULT NULL,
  `emailFornecedor` varchar(256) DEFAULT NULL,
  `codigoEndereco` int(11) NOT NULL
) ENGINE=InnoDB DEFAULT CHARSET=latin1;

--
-- Extraindo dados da tabela `fornecedor`
--

INSERT INTO `fornecedor` (`codigoFornecedor`, `nomeFornecedor`, `telefoneFornecedor`, `emailFornecedor`, `codigoEndereco`) VALUES
(1, 'Sucos Paraiba', '65 3268-5566', 'sucos.paraiba@laranja.com', 1),
(2, 'Elma Chips', '66 3261-6655', 'elmachips@hotmail.com', 2),
(3, 'Coca-cola', '33 36268-666', 'cocacola@cola.com', 3),
(4, 'Prudence', '69 36969-696', 'prupru69@palmito.com', 4),
(5, 'Águas Ceára', '32 3268-0809', 'ceara@seca.com', 5),
(6, 'Santa Clara', '45 3265-9896', 'santaclara@leite.com', 6),
(7, 'Sadia', '25 32656-985', 'sadia@flango.com', 7),
(8, 'Chocolates ChocOco', '69 3268-5569', 'Oco@delicia.com', 8),
(9, 'P&G', '69 3268-9515', 'peg@faustao.com', 9),
(10, 'Friboi', '32 3265-6215', 'friboi@carnedecavalo.com', 10);

-- --------------------------------------------------------

--
-- Estrutura da tabela `funcionario`
--

CREATE TABLE `funcionario` (
  `codigoFuncionario` int(11) NOT NULL,
  `senhaFuncionario` varchar(256) DEFAULT NULL,
  `nomeFuncionario` varchar(256) DEFAULT NULL,
  `emailFuncionario` varchar(256) DEFAULT NULL,
  `telefoneFuncionario` varchar(12) DEFAULT NULL,
  `codigoSecao` int(11) NOT NULL,
  `codigoCategoriaSalario` int(11) NOT NULL,
  `codigoEndereco` int(11) NOT NULL,
  `codigoGerente` int(11) DEFAULT NULL
) ENGINE=InnoDB DEFAULT CHARSET=latin1;

--
-- Extraindo dados da tabela `funcionario`
--

INSERT INTO `funcionario` (`codigoFuncionario`, `senhaFuncionario`, `nomeFuncionario`, `emailFuncionario`, `telefoneFuncionario`, `codigoSecao`, `codigoCategoriaSalario`, `codigoEndereco`, `codigoGerente`) VALUES
(1, '37B7C972BD4BBEDA31866327FA2A849E2DC02D64572E32240DC45506FC077BDB', 'Luiz Gustavo Oliveira', 'luiz@hothot.com', '53 9964-8595', 1, 1, 21, 3),
(2, '37B7C972BD4BBEDA31866327FA2A849E2DC02D64572E32240DC45506FC077BDB', 'João Jones', 'jj@kilo.com', '54 9958-6823', 3, 2, 22, 3),
(3, '37B7C972BD4BBEDA31866327FA2A849E2DC02D64572E32240DC45506FC077BDB', 'Kiano Silva', 'neo@matrix.com', '92 3522-9658', 4, 4, 23, 3),
(4, '37B7C972BD4BBEDA31866327FA2A849E2DC02D64572E32240DC45506FC077BDB', 'Morpheus dos Santos', 'morpheus@nabudonosor.com', '54 3326-6475', 5, 3, 24, 3),
(5, '37B7C972BD4BBEDA31866327FA2A849E2DC02D64572E32240DC45506FC077BDB', 'Nelson Silveira', 'nelsinho@eu.com.br', '87 8554-6193', 3, 2, 25, 3),
(6, '37B7C972BD4BBEDA31866327FA2A849E2DC02D64572E32240DC45506FC077BDB', 'Thomas Anderson', 'realneo@matrix.com', '95 7888-8887', 2, 2, 26, 3),
(7, '37B7C972BD4BBEDA31866327FA2A849E2DC02D64572E32240DC45506FC077BDB', 'Jefferson Antunes', 'jeff@filosofis.com', '52 3546-9562', 6, 3, 27, 3),
(8, '37B7C972BD4BBEDA31866327FA2A849E2DC02D64572E32240DC45506FC077BDB', 'Josnei Udison', 'blackcat@funky.com', '96 9548-8230', 7, 3, 28, 3),
(9, '37B7C972BD4BBEDA31866327FA2A849E2DC02D64572E32240DC45506FC077BDB', 'Mario Lopes', 'mario@mario.com', '51 3112-2154', 8, 2, 29, 3),
(10, '37B7C972BD4BBEDA31866327FA2A849E2DC02D64572E32240DC45506FC077BDB', 'Luigi Lopes', 'luigi@mario.com', '51 3112-2153', 8, 1, 30, 3);

-- --------------------------------------------------------

--
-- Estrutura da tabela `imagem`
--

CREATE TABLE `imagem` (
  `codigoImagem` int(11) NOT NULL,
  `nomeImagem` varchar(256) NOT NULL,
  `imagem` mediumblob NOT NULL
) ENGINE=InnoDB DEFAULT CHARSET=utf8;

--
-- Extraindo dados da tabela `imagem`
--

INSERT INTO `imagem` (`codigoImagem`, `nomeImagem`, `imagem`) VALUES
(1, 'clipart2363854.png', 0x89504e470d0a1a0a0000000d494844520000004b0000007d0803000000ddb36e680000392a7a5458745261772070726f66696c6520747970652065786966000078da9dbc6992e438b266fb9fabb84b200662580e3150e4eda097dfe7c022b36ea554b7bcdb1992e11eee66461250fd068502d7fe5fffdf77fdd77ffd57882d972b3fb5955ecacd7fb9e71e5fbe69f7efbf71fe0e773e7f9ffff2f8f3bbf0ef3fbfeafaf38bc88f125fd3ef9f3dfef9f9e6e77c1ff79f9fffb948f8ebf57f7dd05fdf8497ef9e7ffd62963f3f1ffff8f99f0f8ced9f1ff4e7ca29fcae7cffb9c3f5e78352fcfd3ce43f37f8e76be9adfedba37d7f6e35cf3f3f6afffabfa4f2955d4b796aacb93c25c7bb941af9e98ab73f2f899f7f35c6fb2a85a19ee58977f66d5f997c9da5d7bba6e7e3c52971b7a9a4c6ff3c626e7f0ff6ef06da3fc62857e66c3d3c458a71f3568637c5147f8f97fc3fa497ff237fdfa9f13affbce9e1026fca576a67c66e6280bbe54dcf9f0b963f976016fefba0fefdf51fff5d7f7df33f198fff341cd7ff6d3cfe04e6bf055eefff8780fcfbdb7f04e4887f7e9efe3d5eeef2f7d77fc4d15f81f7fce30de9ef2bc7ff7ee5d1febe70fcf714f9fb1d7ffefb6f71f47dab7ddffe3ddd9b0bf35afe3cd45fc37ebee3758347cbe9bcadf0a7f2ffc3f7f5fce9fc69f77b4fa27add93141e7cdf432436be90c30a6ff8c23e5fe71526f798e38e95af314ec265f2b3966aec719ec1cffe095faca9a7c544c43489b1c44fa3f7726e255ce7bafd5c6f86c69557e0a531f06106dfffef3fd7ffe4c5fffdcff74d8728dc7f06ff222eb8b1682a701bce9c7ff33266247c7f06f53903fcd79f7ffee7bca68b297cce30371ef0bdc7ef23c613fe155be94c74e2750f5f7f301200c4f301a629977e2e6e2624a6e02e213da1849b1ca82130908d097ab9f598721ccc40789eb8b8c998532acc0d79cba5794b0dbcf40a6f7ce2efe7e03533613657e6a6a797c9caf9217e6a6ec4d0fba4273fcf433a3eede9cf4b7e9a95a4646917e9f756d2b13eb5d45a5bedf56da9e5f6b4d26a6badb7b7c79ee085a79396bdf5dedf976bbe7cf2cb9b5f5ef0bed788238d3c9e51461d6df4f14ec267e6f9cc32eb6cb3cf77c5951660b5caaaabadbede1d36a1b4f37e3690b1dbeed77e3f62ed4b5ffe1e10a17eedebdffbf7ac853f69fbcf3fff83590b7f662d9e994afc5fff9e357e5aeb5f1f118493e772ce98b19803335e9d02023a3a67770b394767ce3983e8c88a2772938f73b38233c60ce61de2f385eb3779ccddbf66eeff69deaed2fee3bcc5ffe9cc5d4eddffe3ccfddbbc5dbb336fff61d69662629e19fb65a1837aa7cf1fbeb1bd71bcf78ee75b3e3d7e572efdddef76d0fa286bd52e326d5ec32756062acc7a62ee2155769a2b9667a5b7461e763fed4df17d17b747f6332623841e1758b7dbbd97531be607d6ad3dde6fd405f7eec9c522b3b779dc72f7353301d8fa57b8ca379e6b2c9e6ab7f5e63146fbe27a72987db559198b9b4bbc5fda0c6faa4c59fbd6ae6fbde7087195778ebdbfcf07fe1a2c929ff13508b0c7b816f7bef360f4f6062c3fd28e591964c44ac88c987ab9bfc45daf77aeb15ad95bfcadedbd76a9cffd3566313d23a6ba7afa98a1592a519e66ed7becb73315730fe86243e50404af25980095ec1dc5d6cb85d4fbfa0a832b9d19e9d9a19def13e7f330dd63c46fb4b553feee91bf9cdffded8f4870be920193f91ac655f8b83bbe6dee7ae6fb6d25ac0cdfd73e278837c69beff96447b1a244185ca2e5f9ee4da0106b6d96b8721fd71ca35442a9315f29edf9e6b0f9e518304f9ae415a1f30de8ac3e3b96f1966ff04c8b10e59a33e53a795323d726c281998e4c4a86d59e6f331ddc10d76d2f419b0b69d818f1f6c1576f63dadf72af11f87f43923b13c67d8ceb4cdf3b9edadf496af50fd818ef0984f66512bf9de10c84681fbc88540c84cadadc4f59b37e9b8cfc32b396d30ef59b00c737ab83f27e4c4b1873b79809be87e75b1fc3cd4764f467b95f07ea211332814c1ef4b146be62e4676d0773f97e98ea9a79aeddc6bbe72a5f4accd1daf75afb094c6f2572f6fd91ef244e2f79dd4c27a22c5cf1269717770d7ad50d023c95670915c606e30ad71a8c6f4c3e601d73f2663261f2f7fbedfa946f86f5dd7d5fe0f2cc0389c78724f26ad648dc3607b20d341c18d5ef8d7e58c4f953e677af87a758771f1f00c3b503a3bfbf0b21e883553f8f4c8f1301f3ed325b0a2daf166a9adfdbd3d3460d85197827b9330d9a0c5a819d644fdfebb976fb88dabe01b294de7777ee3d810767362bf1dec77e4e2ef7ef990c1703cd944f673de48ade514ec77cf55a19d29ee64ea50586e87e3f5099d701bd6f9f20c54c2b5466fc5dc42a4a0c19db02b9f88151e50d2955d0e00a0974f902415a2a37c767ec39f24d28bd8ba004064a2c24c9fbf98ac4a8045258542cfdcecfcb5d39441fd20f846c885806b292a9044345d52c42abb409f3a02d00b5fb7b0a0a8c9c001d0ab4575aab44534977795719df05c085f15518a0f351844a13fe46f3da0f333981f1c26d1e6cf8144ef55c6414988a29844220b6312f2023f213c094215bf70368f3ec0f1905e31a5f91b879c086f7a94895d9f6588579610c03f7b2b9997dc34b17484d84c64a5e7cb9ee5cfb7a427ec2e3ac8650f13aa3b66d940130203c3e62015229664206747c8753312fd88a271e9db029ebe50947ef23f479136d3c557d191e8416f7f98dbcb9838fb1ffe2e01b809f41f840b6cd183daffc306ea2a42c86b48d301e10a282c8e03780c0488ff0e00bc16c0282a924983b1c1288fdfa06f28590b96e22f1cd1dc83c7001e5f30ad08a17c277156cf964e1ef634441ba56a0ee220d3fa3ed043c05a88470bba08d4730dcb855b43ab74c8c81325534f966e721e03008a1708b208e9c42040042106addc8ca778ffca6ebe31239917f046a6eb0492b791374f38bf9e6336e5219be0a500e040867311d0c00fcd59f9a06d45d47479920fd92b13dc870dc032c0ef6941ef800409699d88e3f8f30a4fd8d50a9c5994b5954e7d67ade99542d1730940ad4cc2588c03b0aeff7209551381048847ad036dc2b800a05df042e84c81be0786e16d9831a4810646929634c80051c1457275adfc0a8a1f61043a80588ec6674371cd1fa8b126330a4791215a4407f943c90dcd71a040c96864fdde1138797f204f60a2b1e1ead0468fbdec8afb95ec08a3d7d18cc3c2fd9f2805680caf522a9ea20eac876fcc007b881ef9ffc98a06a35d3f3127b9b99427ba03779ed24e81172527fd4728593fd3c495146e40ae22b6a9969108eccf6cf0a0cd3cd2dc66e026446f25e280c7246431981960e2d0e10723d13d0aac0e74b563172fd712646474c64951ca3b4ea06fadf46fc3c642f19b3ba8f4da0462d4aae57ce8c3633f0566618ee85041ad41811cf7df2009f0516c4236215737b98620742e181ba3a5185709b4da605ca60d88a974b958482c5040ce2a8d758c98daa358aa3c37a0549c4a445029190b9abb1065891e41f49fb2906546f685e9e78647867f254bbbc2fce8a3c6628dbc8cfe6ae603bfe99e0752442fd008b1b20673c52bf50082f720de603cf0b21b715212f13c6a40784d78bb948e0d582243b80cc9c003c6076e0d30b614a12ae3c2e06e1e5ad1b3e8abbb6d92249255a55e42f204e22faae0f0c2d600777fde625d356d91152645a6b2a0f420be2321200801a980e74d6fdf6db72d5fb3e80c217885182a83e6600b603bf390cc6897026bd225897beab32d8704a09f2ca504d8df7f91a041a08958a78dbf88fc51801b88c0d096b28e6888842bc8c3b88c0735f352d54c72418d38cdd770369dbebf531516a2f3afc1e286c2e3deb40c643df405a18637f526850e1841b55fb8c376148e63bf80250e79f52850e91780585d5f2e009e6041b028a13cf11e016c8d2502500a0a3d7e9aff17056234a61a936c8c00a402c3cd4c8d348c1c544082e01f4c5fc2d005753e692586df1938488400083b030eaae202344d00b3217979a6a7fa03ce87683bbea5e34c92a00ec8b0f2c2394c2adf010680124dbd5400570f445a510521dfc209978d00f229d9d045d486b00a7136847c6f042ac0ad1c644a2c1d71b5ec52db386d0434fec974c05d4a03f72fe7807481f2a63f05707e90031e8ff65be1aaaf20180890ae4092100e1b66b717da416290832a760fca683640428989a9ee7cb6223198818870401a01501940185413218cdc13da36a49a935e1a226521ccb31117568d09be41af808c879d5b908b127a001706c28bab05f640689c4a47e338e750d620543c063a2293f75e287548565265088c106802c2c057c5fe88429408eef7b6e681852254426a3c8a35f9846def591d2988b493c0390cc1d175cc5ca15021290ab8895345a8bc011ce793aece4f843be0dbc39b2f0ca183bc8988820057143eff37438783df7e8d39148f1ae383f42054411608a6445e4618ac86de41832fced97954fd80cc820741283171878b42999774335aa407810b17eab3d70bc7b71e53a4a23a8c92492a7a140c835a4155af481a5e45bc438f9f09a36ad31856491a619b51b17f0cd4301b838a36a0d56c0b9613eb27b5d0c5e6d0cb0b57c301bcac6a6ddb2cf48a84cc43bf80b79c3d5884b6614d343ecce99ad4f260538f2a4be97c40a82839802c98d68c56dc2f550054c359a4af35ea120ac1279f124e37bf340041fae8dbc05d219d98b874dcc1091cdfc80d143ea97c4053b821e30b4c8f2c1460ba93675d40cf3446e908a30344e343e885110b1e14f21c24d8ab5f220ad9977e8b46ce760251c13bc04ff22cc12cf8ac7c5606027811380bf3046ad1c84ec85a46a4f26f2184e6e10408694783940be09a536063304ece247f188e0f6801516bcb365531c0c710428a03c495985f907d22244e4322c498b16c589d6d53b59908bab2fde6b957f01c2591029a50c0bf617968af828f23df209d4a850e4264af0072815fcff7b0a241033ae9cc1db720d84c0f5c98c5d50d35ba89d47958c1803df6d4d2da2bc620f1e70ff884ea8ad1084bc4514c704de0c2ed9030f92e030567ab19417598d76b15c028f91a138d12f5b24ced234b18ae3210df06d3c4a7f89df0953c7a7ebbf00c9f9c91577bade3b6d8d9b8c9c62f8c203ed3ced1d646279301a88a6ee2c818c4cfc7e872fde0f83b3906ec403e2aa08234c1828035f713b5a55469c1026e9183666119d868f6c3a9813336bd785fffb90579a966e9da8032e178e30c4a315b1171d1338a1e78e0a0793b87a249677d3d04edd4be7735a0dcfbbe0b4954a6cd6d327b47d15d43921d0d4bd6fc31b2f7ef9e90353b8f1d444f0cbf7c473c016234e2c026f7c49410330d2f0c003d4e60bd130d21dd15969113d37735503398a75e0a92dcb118823118624ea40ea222d9f1990ae3bbde1b3980512ac7c95ccac2234406052f26ee010e33d0fdb7e32ebf7318a98d4229561b6b800d2b7c38b7b1e23a3751e09f0c78b221f8fae29e0ea832ce13d19644668e0ba16b18190c0aae9d08015c454e613bc14835ac05900f9029ba6e619f309dc32c6905ac04822592068a8ba41c0535d7974b10553e2a8b99cf520fb1d018de1bae08c41cae788c804c75023b01b78c2f8c02dfe96b01f7821e4c3834285441aa10559c48ff8333d418ea75c2fa9c81ce016035cfb663485853fec09da1384b2344af2b671033a0900276e21325cca07f1a02eb02a2fd97b010b3cf6da19fe9c4c2b2452233281399130321904021081cf0d69039eb577ab4a90088aedbd653a2c5ab8303cc3e50cd283714f37c2243d5689e328e886aa6c2cfa5c6dcfc774a299b1218c162e3f82547c9c437391838c04f0af4662c81919f0115de81ae0b4368ec012f6c9c937720d6eed218725a8a35adb0d21ac7e694e10eb9d0f2658c66385eb7ec8bc8246849c7c1c22984b5825dc6433268407227389bc07cb0156df755e0c11cc0200bed61518bcce9b18649786bbbc4faa657c722d2e3ae58666e403481ff817e1b545459fe632601b685fac69020bd88857b9b59525d3e21f59fb80729fce0f28c7036139c095dbb040042d26eb9d9770805ee1ef1c90746001be913447bfe238023a1bdd44b2cf1930a7d5a2342c0ad63d8198776d0e7bd7c27721891362c6fb831c61f8cc007e8d3c41a3f193b8c04aa8969bfe1804183f56c1f0e01b4f619920b92a0ab5e3995e6c0557db8b4b314040b27ac825fb60112beb6e70749b117c3a2147002be60d1260c362f265b1a3822801d55aeb6db10105f7c1d5083844119758ba4a903932181fc98142071d5d360e0b1f1312ea7f5e702bcc096682117a87fef1f8101369f3bcdbe2dcd14248e54900909ebe2d04d208d504780fe61abd3a2e4b05ba1d008c67259ac85f6b006886a360104d50a9de7f31f87812f404cff09d7a203269a7fce2b2f2852d8f10c6ce8870fc91feacec450e0ce63eeeed2ac0cd84c42c53ddfa559b1372802a01064081548cab5e5e0646b770f70e108ec92e6063b6e8499033b80381f4ce5b898b4179de06eb301e897420d432e1b901ea4bd6811752437a61ec5f842364069077ec1a5462ad7a5903274407ee53e74c0093cb2168603bb0078ee40b4e429ef3b6fb1be43fa15c701ba8acc782bdca96979657246100d05e93c1007c73f998f788352c2f62810f42a82b66e033548e7c8c7e3d2bc74c03828f89c4bcbeccc8872f5d199f3e2b8ab97d24a98b46dfcec0d6cb1df1116407a8899382911bf2980b0d6b70e0e8f860ff65359470d2f07f2e1a85de1f8c7bb5ee8d3d72a12e657832c4909d1c64d306dd91de452878d7e2531be3bb611932a79019b8de0f414c4cdcae8480e0046b0f1742f994b183ee12ca211c9d6b45df0c5a72180a741db94f7edf704f90c8a74cd0bb91e5c8713832e9b2ad4c82ab611914d5652b82043c0f98c53a805e2713a2034f18a41d6408fc0dd6d5d58828cd608e119720c48d3bc578b53c15d655de25e395becc77874e2a13ca2dc050187d5278f39207a842b6dc9187dd171283bc37f0603202135bf762170144eb47182238dd0abc758de15ae5b26051c1ddcd8f09cbda419e592e92180a427311ed1805a2880f4b56dfc14cef109def187460a8ce4f2984e224891eeba1d04d56914484d61c0b700e4809882f9b962ef690d48cb29abda149adab95723cd1d4c979e30969f4e415b83582e0bd06a8dad729c5fb8024c5c7a890522809e487c54620c0e8c6aaf7186db9018d41cadecfb2c6a3b2428d14f439f4241ad5716041500f0fd281f0b64c13ac8392d4dd8bdcc53a389173c33c16a1c10410bf940b82e9f729733d799e05be533c08f123daac627edab5be26e0a827ced068ec8c2199d55dad24473176dfd52022c267542bd9f024bcd33b21928635c950b496997844c4565041870d9a62859ec46571a100a6daea323381125797986f9e6aa0c9c964943ab862f912873a9a093778a48d0699ddf506c6018148b859891e038404ed71fe2faeb716120bd0e2951f0859d1b798988d8d0491d0eb73758b09671112a56335a5594c45e63d88d1e8d2ef74e9725a40296033c37767f4e7cc383354654dca503433998557065325421741792739c68baee3871078a7989af5a4e850bdc4e77aeee71a10535ca060342d325ed5cfd3465799137a0d9fd79992caa3892f885fd7c4486dc62885535939ebc526ccc84017a8e662dee6a7dd5239f7c6fcc2b76120df43b9b8124239723504595920c0bc5d254dcc349ae13332ad5990924a772baee48e354038651300dc289e144f0be5900740e98b44c0fb21bbb6d826aed61d80dacf32045499a771c1d43d0b427739e1c41fda164cb227424f46cade9fe31d2aa94a0cad01b93c642631e30206735300257c697f70ce6f45136c9419a05808cd72ed1a5da547abcf6404e70f01cef44e1f7d020b2f11b86d1c7895fa8a74cb81ed0968ec8a37014a7349fd02c4370e117e2ae16ecb1f62420edbb5efac26b77b4c2602e0612a36ae9cfb45b3f5542d8e312ec915eb0b5bc0cd57c830e98f3ed7366c82c234c2908c0ad85d5effde64ae6ba958820c07236df6ad04c924e6aed7b0da0bfe2f240a0c185c0170f9753c37990fcba2c67954fc1754401675c6bc5ab33e25172c16e8651bcf55eee2fa62e937d15a71fb3c0f3901527e018a43130563afeba6754acd35340c7aadf3ac94de8c4cc5135e445641ecf53c5de7ea48a642c462b861cdc533ad5489d7c7227643a97d3b5966fff03a0c37aa158a08a47dbb4a23635b903cb0e94bcb2367f0cd0eb01b720bc8602617a84fec7c443a13895adb675d08457ebb4e5b2f3cd6d471e1a46e6ce8e2a95c928971b8726e7585b423a70320df7cffc4281d9f70ae8705843a76cd1718946c9a410d213837ac805f1b1b69c1f0981fc158590c5630b6a665063c197eaf904c019e0ae2f7ba98070894880d48de1a6d6489dc22ec8e9521ba3700db1399b1b78d034be45bb14e1f9d677a903d7528b486e611c700bd761ba2a66d6c75be26b70b880fb387ecb55003ec2228800d5e9f338482cac02a329d20e2859ac67a3085470ec15448476eec09d01dc4acaeb5e0f5f03f998cccc39f82b92ecf6002111f5c8f4998171882f04a4f10a06e8c9c6bb62fc34a78e38d3baea4cd1b575c77a94208f2f983df2681067f05f4c4f7c2931733868bed0621ea9bdfa128c69748fc699113abcdb74176c6f1916c68f9306c0628b6a3440c1e72718f7205708760a87c08b6ed252041f307bc4246007cb68dc4642861ad87dd2ee0070e47eabcc90e9ef24ed6302f08d48ad1e7ca14326e5881050b3e8b18f063d5b29f760397baa34bd8734f3c4733025c9783d5608175ad060e559744c1f59a85372707770d52d6a4b605752383bd2782014187aaad461df888e2507970212c44d19fb6d934c6d8b89885697419c210810574a4255da602d87cdc2e113574921b6283dc3e1783113d179cb5f8036bde401a2080be67040a138033ebd25058a7c3e2b1dfe7e1c3b526f97536119dd85c1cd1a81722141b074204350cf68feb26287f6f24c313d7206132b49392c9ecf2288ecf12dc471ece7464ca3135cc7eb2aac75755b82bf1586494bb4d0438d724825624037aabaf3b2aad8a13175e5800a7fe1692643f17498d6e415959e5c9355b9ec85213cf8be6027bf29b718efcb01f2709f521c580cfb594d988459e370023d69dbf010902c30fb90c1a1206c4dae33a1609fd89521f6aee5521a42d5516c2c855354c19248af37e2e57172d7435e436fff5b57ecbe3760c0feb273c332290912529202007a2739febf4ebb886087de606d392156066475c628c8b453e440a8479d67752726980a944a8233a11c02e9f037fb9e243c1469776b235f20b49e3f2865a30b8a04eee1332a9191dc8f135da779aa4be47aeb27bca956a061a69caa43dab4153f8990b47ea321a08a0b5445bdddc014063c104616709c7ffd13656e6c7c1cad70a50395d6d5812e00bb0bc6ebb1522f78b45e156ea59904d601dee0dd1cff0b9eaee426a5838158c536262811786222b175ab08be3b9ec224326a43118ca61351761046ca1f1a3b521a41b046a152849aa28851ada2fdac8c040e66928a16cfb50708101bc236be07547b90ed0d96c46496617d672b39ec745f146df047e79108254db5c090c800153d393b3b68bed3ecc5bc6b32cf404134e06c2bf19195f06e1438c60dcef5fa31ad17a9384a8fd53fdac17f3aaa2c7e04fa5a44d7e5593f75b552f387a3808298cc3fac9aa29f0d6c06bebc2ae005ca403d2cfa63594328fff81458d9944c211bacc71b0a0f9598346a3b56509f1e54399d517916f5706bc098dc1f2ef73e1805775b810003849ac2bf278c0fe405627d7c94b02f3b1ba11c1ca3b12423597d30e9b7176c8774c48ec17f6375ba6f9354be23f03b05520c9f2586d02e648d433df2fc20e4041f247bb3f487ddd9fad62d6e6485a6982c920afb9f117d49caf6ba6c935b66f8a90ba59441118815385e0c7a9aabda11a7e845a1f183f1b37480426de6a237a51611360d2f222823e63705a92ab07656bca001239f8261bf710ae535935bfe7428d31b8043ab4c300756cf26a160585287d2a728fd49d6211600d815b6c211e076201f3c0389f5ade652ffa0d1323f5176ea590a5132b0b7f7229976942c6ccbc6800644eb7c0c1c33e1ac5c484695bdeb3687b593362b0439513d1b31519cf343c88a5e5aa0deaf4394bea50f8d1b83c1d7277d8598024b08303dd19dfebf3363762b9dfd60d6c126b64bb0b0004236e032b628b2ceae801e506822d2387e30bc716044f843219aacff5b5cf1a60616460031effe51d2160b4cb9388518c0dc44698971ba8b547c325ce104f4d1f46879eecc7ba5c26cbb147d8ce3aba4d81f6904e8c645a2202afafcd7aedc4104a195015933b43a8306ae88d346cc288eb259023930bbb3dcb7a1b3888544c8a7146ad0005b366975472388d49e8030cf1e76833d61db243444c7b31c0bbb4617b9001d81b11577edb08fa58092ab0f2d44f20fe937db23cc06777cb786c77e54e5103e3aa6d3eb0c09953d2ae0b5b68119ec7e58373130bdb6933ecb0a0c33f7964a59959fc06b40d2c5de6650b080804dba0413f5b605c8c44c3471c56b3a95be649ef3d7b5a0ced0dec400b2e721a59b3f1d9cd266606ce757d668308e63624b1346d6442f54c8555c2876d3415837f2f9bce10fd1f77f260c0144abc2a27720df0997a0cc6124605103fd02deb8b5d217999dd7da3bd9a1d8055b521e069d26c916336da049b6aba78cd7a76d7f07e982fac1f56ff7e89ec84cc8e9940471d4e6963f48fe8b7ef24dcae6a9187e8eef20efbae2fe7a44d5b671a124c3df99205f69bd6d31ff435662ab8ba6cff686e85309a280994ce76190449ce8895722125d7d76002a07896ad6b3060c8af66109b15dcfdcd9b4f1fa40f055e10fe96a5c7170927d207e57f5a122d1095718b4469bb710866e43318cf190827d8fdb3f79d61cbea3142b6390d2041c102d868952fe21ece44982222fbc74dd8a78ef9070db5fba18374404d832fec80e6511f4b9b8c6c36a818cd7e6b082d6970b78fbaa533cb986f2c478569e3375dd9fa547a50e74740939daa0b54128fbd32f3254ef1f0b02778f4865f7771b2d5ebdda7a20e96a13ee00334727c6dc6981d8f34d042cd1f9778db528a15fa804142e6748d6d6eb837d16300556427906c1fc563973df0abcfae11bfdf83dc16b1a6bcd76a94b5cdf4b8ca5a2f6264592f246321605bde17f9f52b5690215cd21a929e8f90465c1dfd4b482f1bfabf54ce522c5170b9b64df8c3fc6e2cb019a1ad1281e1ad89064f5db9168bcb8475d1aaa8b4ea237f0e6c14841ac2081871252163bdde9c8764028d59f847f8282aac77ddc31d4de8e50e1059efd898e5b07a6b2eb20e6bc2dfbc5c58aec3e557140c1e92d7070c74bc5d03bc5f520474748bc7e8b67d94846221a786c5a274736f985feb8bd73bf5f768874fcbcc6f80cbae2b23975c6c050572c070e1eb089ed755241423d8096e3742d2678458ca3514735bddab8b46deac56d0f7c70bff140c7e01e30428f28ce01d59382c47dd0410511bb5304f0a977d36d6c5bb95710275d82a003696176002f2895a59f7d3e5dad2d080fc4f0718dd44c8e7565b3cf1fdd667275986d9b16b95e893836c8e2fa7a60796559fe77117ca36518b4e96686f78d88e710008eebb5eae04ed065b3cf934d6e20070b7f89a86ad77990a5d64f739f68e0878622aee6edca7311a9d63298dd90fcc1af1b755fad865498348a9f6f4945f9b628e523e6f21447fd6e2ac7203de6873c2710d5b5746ea974d0368397bfeb76be0b629615d47412435dc36c2bbdf317ed86cb16105c0389d5e9176eeea085328e54279ae0d8356f7ef94d75e93bdca59edc3ec317e48603c1ba6e2882b22e953a18980e145a7daad67ade4227699a8dbed2411669cb8169b213e3711844d4054c0659f1aa02b82a39a7ee9e5f610de767f157016a169f7e1bcedbbb19ba46f17dbd1df9878fd5ebadf1a1840a1dbdd09fc7ee3b7cf6e037722389b365ef0f957474c58e5fe5584e04733df9878e3d996152df961d5606bf4d213ed63b57bb7247b250be38c31e022d77b2ca22b3ea011c2482b6bd7a255f0b4dcfef13de374116c31a24e10f5b39fbfd9ed84e4f4a2bcf64a375a6083e89f5b4c9e54ac7df3e98fcde978db776bf6795e32737dd1bb404f3e2332b8e0a8fbc3162c15afa1950c9fed5e9137929f8f81e5fb5c26b2a3309c5d0dc3fd35618e03ccbd94dfe288fa19b18717c92ef2d91e6172ae86fa95385ff782d87d6c6348b437ac438459e9ddb68eeb7ed030735b7c15d94bbe18bc1f9e83ff0451ffab3b633cbfb841e3ccf9f0a028d738d19f0d4f97ac9a0e374369a8dc71942f81ac9c2761c409ee89ab7f2dc96cd3aae1e5a36d843653b4dbca39ffa8b84bf7658c182cb73dd62f2ff2b3135f2f994956a1dcdc2a6861009638dbb28100f415394fe6d802702334701a39452978a6d3215e1271b4b2e1c66d6d249d5de1b6b2da6a4170f3af7e483b64b715354b4aa9f093e48ed4f4586eb1a5067d6457a91b2ff0b48873a4212c86584491207a5bb6d9c285094c3513ce5f2ef3bbaaa36db1cc5ed0c10b9abfe2911887c51ef21e85e8aa32c461f903739b97e5129bd6c458a68d584687a11d9e07b0d911156671ecacd4b4c8b3612b101fb5a1e91ab7804fd32a72b10e9eecec405b428df05373ab50b8f7597e5d6797d142431263ed37d9370a2a229098ea1b684a3875de82d1c593c5bc9a12d0859cb3ae68f0f7682b6de09eea652b7ead13d388374cf685a0cf06b96b95e17dca28f99089ad43d29b302089bf488ab32f108d87e3536717db9b6dd06d2ee4eb69b8e59ecae9cf0a0629438324467ca432fcb791effa48feb0773346db432e0c0a113b19dd32c3747dffacb19169950f002ad7741b85ed7c4ae317ae61348116b40dd90f71132c78e16bdaff8134b38df571e8488fd70d43a6544bca7872ad1e24e223ed0c49d6ee6fe2c6fd8a6e272990c555da9884cdbe03229ed70cfb4f25358bec2141df588f3b5a524032009a003686fdb5d375b9fc0f1523bb805a06ca7d943db81d26452265eb2aefb3b1e2543ea02d946db6f8cabf6c9626d325409b2711592196fec0220c655e6745134efa0a660e6d0c02dbad7823720782ce4a6a620a5ed71e6e4709b7b1f1ad3cb56a6ea78b14aabf7ee8087794e0b623ee1fcc736b10691e62b41dbbf061c1fe9c1bbf104fcd20da588bfd726bcabe162e8a77967e6345c01f82b290c7affb0a84f384a150df30fa29f2ccee9133b397458123d170ad2bcd6be0e7fef4ffb99fd5b52bc6dc4dbfef51fa0a823ae1d7b4dd4153102e88887db6bba2d699c8dbed71f1c2a3d8648ca30684b50188d155cfee0a3e1c79add8869c3070f3060790b1dc1afe03e46c06aebf033f2f37d4758b8db393fd2ea0c24400e293dc279bb20d555f347810dc00bded89f374fcae664df5d7a63ee07e62c2ae16fb64dcc2940f4be0725eb77a4674829d7fe37d48df8a72cf5cd6da94dd26da6dec23a6ee08f6cdfc1fa9d29886f59d0a0f56e1b39715a598cf73d45f5908754d4c9cefdbfdd757a22cc4ebec14625c8076dc427111179a0468ba45e66f59e3741bc75bfa59e185d3ee052bb950664975901303898939463e6c08142ba83796d936d225a2daed5b7717523b23914f6fdb69f850c4b9c8c89d78f3849de08fd9069c01c76973d5198666531c3231432fefd109e50e30126973164cb5d07d21f3ac3ae10a8b8dde2876f3eceb65bb20be6f3230dcb6715647ebe1c1067605ceb9cb41ec61c7586224b01aa7079fe8444434c1156ee666b87181c2cdf7762bb7d33a90dd11e4666d2c11b2a5e1963e9ddb831671139aabebf64ff241286ee172b96f00af3524301bd231754ba240fe9e5d1856347424aa17cbe878796e072d6528870b3108732df8eb47008c37c3138355ae07e2881843b00b12e315b6816c5d0b998c23f9dc40d9b03accf315157c7a18580b5e20f63e7b604969029b795e71c373d342988311545e421a947ada17338e9679c8c088fd42d5d6c0e03e5935e13c9bcc32700899dae3702f5b6c5ea69444db44fd118a2d799ec79340fff55d9fbdae4c0b7c677b38831d828da0ae3dbed029b05fedaa3f220722eb67bb4dd2a9ac725af0f6b12e978bee2f14fe59b967fc5d7eb007dd1d214c7375bd7775f73d7149f87084df8e2d4080c1b75b2ee50f00bb56c49e68775da7a96214e64cf19f530dd1d6e285a8e3e22966743a42f1b9dff351d8dc7c56aa5e84f67b2d6b45012e8260f8053f0e58b05cd3d986c29cb991108f8b354234763269ba2ccf98919110241c4cc6ace7e2e2f7e9cf6760b13d84732cf55709b08be1646ad9762ebe5b2119f9e45e32ae2c24ab974c85fd01967d3ebc8feb0641e8b0aac92cd7747c1ce4c257a43483ca7811998ffbd170ed829235da5b390e12734781d176ab4491d31bc13c6c7a214180ee031be01d006e891a4b6347a3507e6f3b09c9080909df3f2f38e826b4dc1161210c5b69b74e8cb06296e10822848b3b4a5d544b81e96fe4b25d86d8d62cd9a804d615b02f01e6eca0323a6624c49c3b7d6e87fb517a2ed497f518cfde388188433c5f258dfbd9a99778a0968ba0853c526059cd3aad9b27eb1a6aea74d29ea1bfd11d64ecfbfe05cbb2379c7b63c020cf0b054186fd0a330c46fe5bbdfff98a0854ea9513d8f66edf3fbcec77476da109228e8e79bf921b0866c31140a1afbb7b83bb675b479832608846ed6341efff290ed9bec203bdee64ba6df6894cc2172ec44d2dee5d9ecb7deacfcffa226cf025f65bb9f682c2380eda6a35b67858b508969f5db7ef043e8378d90ef2ab012836b6dbc05756594701d2a2799fa756a4b42da73488c7798afb5cbe3dcfa2adb6192f12ddc875eafe593c5bbfa85eaf7db18dc4b44060f849525fb643b67a4e4806595515a4aff6eaca03e528b63da056853733a1ec3e149c770caa12f2c6c57f5bbced57c4b0053776ec967910ac85e714f57c21c75128ee2ef0d8159b54663db5d8e236f493e5fc1300e99f756bab0b0deba380e1b2f02c74f2b608d47267caefed0e887c73593c567f186a308441fe221231d768279efd1f1ee55011afee2e4a0243767977af2bcfc6dda28fb545d085cbfcaef6ba6b95e479602adba2001db4f697301b287c3c5db3e3d660bd891340ea22c42baec979ea1eb0140b1ac0f454dba68ab54e6e350aae84f28a64c717331ca26bc92e42e33a366c7121b8727053e95c4616e8059fb5a1ae372a2c40b888d816a88eed4d87a5919115713b22d49e61bc1e3c4b83b0d1862fb46926c45ca7feac6cdb42f3085c5f25ded1790009a3bc834bc81962a96073b78bfaa9183f77b3d9de313c73a2f9498af7e7b76d3807eee071b511bcee6e3ec13a758feb48c01c7f827b96e4e87d6d013c3239bcd97db55f58a6d398a677e8c8749802a3165aaa6ef0f3f08325161717f0a1bf1a861ef32af73b7e1b825f9e1056fbec14ddf6f73d0174393b086c396f67a757dc6ec7b743b2d9261f3c9c26df68bfabb7b357e5b563753a965c7dbeb8c8156cf2d285c200bda6d3b607a42990b01acce3e346bb884df736afc736889e0ec6bcb6f962fc24308638a2a8bafd62d861c809bb18ab5bc097a5e5f05a3529674339b01aae47ee0a9e6f81907367bd0737a0d76c9f4007348f70a8677b5b091e3e62af62c40cb8e4782a3fef6fdbe5f5db77799687c7bff65d020c6e9c81c9ce373c2800b3c91d32cf4e4c42cd55d200c0bba4ec8681ecd58747be4cc548498c5c6340c29dc54a82ecd9cc0c31de10df33e767b98191ec4685fc20da3de400db3f309ae1d9769dfd3a563dc9210577fbe3ba89241ef77505dbf6757bccda7aa2554fdc512241d6b2613b0f3bd0ed860655a235777e1fdc761dbc39b4e3b65e8e2eccbf1e538ffdb2f1d3de22e8c863c01a4826208359e623787d3689dec57d64eee70351cf8ef6e6fab0cf6adbf1b2295275083fbac513d3cba7aabfddf5066b32b6c18267891dd9ee916a58e7f8da206dbf00b37492529dfeba87f928d60b0304fc23b7dc1bfab6b3930dc9f0dcee56806e5cb9a9d6ca9b9bd467ac76b65982449c6faeec70bc1d2bdae7881653e14d2b79eee45b5f3bddb16efe24997970e308918a8480b8a6ed84fc1b30edaf8d87c54ed16b1251ef7d0e37c9255a5b7e5c7d5fba1650849c837ef1baaa3630a35839f5b1eed309ee11516feeb1a22171472d32db0d1716f85800b04d88dcbd329eddc49cc5cf534566388720bd6e12e75a0ce08ec0b6fdec7771c9c7717f6f8f3da8a7096f5b4139ced18e1c66cfc38c4459b4ee36d0baebae2fc3e03e9eed3911e8b7cb14383afdc6d81461ef71573a1fe77a368eedf4f21637a9b82f336dab9fb63a1eaab2ed7edb6b5caf8972dee053b269b621ad11df36d29ec1e7b15f0f4ab1d2c80cd918e5c2b55b89f9acc82363c09353b02e4fe2714fa1eb39ccecf638002db5707f5a01da70d3cde9b0863e6ceaefee6be7fb0efe2d1b875c27b9865b10f133afd6fa3bda90f703ca3634948f3457defcf480b58e0731f47c8cceb661cd1e8a706a2b68c87b78a25ace86811d4aa7cfedf5281fab5f1e858540a9b7dda9cf1acded7fa7fe1224e8e0928d9bea2fa2c58a40d5054184b30383dc35f461017784609be324d2307596465145f87f776e036aae5be1095d29b87a1d361490bfeec85da00f50cd27720bcdc5e7db3d8901aa6da736d9553d5dcb828547a0fe25cc2448b28d41cba078cccd03b6906f214189e68e1d922e9936b7537b9e9fce073025e6ad2058e1928b5bbf102dd1d37e36fafab71672bb73cd1387dc67dfdce00515df9ea5e07298477f34d7785cfd3b19f0787a42b9628da7f29ab557cffa3c8d88d01abed0d50632cca6429b357f67b5e04c7fdf65b0edf735604c2e10a505c1683187f89da10ddf78892ff4df410ab8091d65f86cd1244eb4e38f6b93fcda93c0b86ae9a488ad0c1ebee2d1549f27c694679e066e2df36cf8280be0240d4f7aeb2bb9ea1da6e754b834c810de1f4373e9325fcff2217a0322d3f57be1121d3041a6ca04796881dba36f5b353360734ed47c6d6fbc5fb42c1e2560d70b7f105fd5128d6e0e3d6ca18d043ce5a79b695352d8c99054517c50f3ec8a4d8258325ba2fada57813c63ff03a6403218401ea20f816d6d37f6a2bea80fb46240b13fee6804f5ce824c388bbe7a801a2eabef7846c46a7729c66de4fbf158a7c735405ed7ec82cca7af152d9bc828f77fb847a09d9627b0e5be1377e43106edb554d4a79b3405ea26db13046b9e9db0cb4343ddb78932fa4ac7f79fae58b7247a7ecaebb954b8a3c7f53cc28a780e9661be7370c9725734f1c0ad42470d39ec82fbcd9482ef3636c76328ec42173300b67a8e94983f3e454831c9b6c740440e8cfc0269dad3b28a056b4693d4288d14f1388573e60ef2054fbbb67dfa9e40b581ef851f8514b0e0c976988ccf4fb9d82635246fc4bbcbe624b389cdd3ba3b5a7caf1778ca6b553395bcafe8e46177e18e166c793d46ad4cf483c56e401fb1eec280ddc1441d54be9f85f073b3a05dd4b6d88a3e843611e4a9b937f2f5d40273716dc5d34b8a3ddc6015f614a84be1eca627799b45f77d0a9acbbdfc1f6e154af83c4970ba679077a47bff1a09de6ff4ee21758f0d23df886eb104d1937bd142b458a7be04dc274a1e57968f0bf9ad59a3f7ab2bfe67d7e7c3dfae926e971619135cbe290048280f312e176c28f77c67cbc047c08245d830c27b9c36432ebf4ab2e1727b36940e8678d6e9be63b87287329f1e7d79d65fdd4e6847a8e580e899270bfe0baeffbe8f0dbf2e069099f61ce2537831188f8a406b0d7d84071d5ea903218cf379aeeaca8b221445b4f22eed1007e3e166d9eece5efb305ff7ec0ef77d3b28f60900e1d72426ea76f1b5bac8f77994973b59b1209fd58d8f9f9dae43150e8cec99341324ab18720bb1e2a76c853e9a9ee1a426f417d8933fa75fa9b3ff89a97f632bc2422ba6acdc6e4a4068910de46d7129cc05b73bf4730010a8e9890671302f982228b47c03dd61bff68a672b14b60ac66bcc689a7d5ee49b22a2a4dcc00fc8ffab28233702922c30bc87a27900cb3efceb217bf60d7ec29af375da07c5c92bbaed66b91db95b2ae439dd80db803e550a726d689b48b1e5f6f5d35eea9a238edfed67f63d72d9bafae5069cec1a37881094ad6e6ed81ecb854e68e76c698b6df7aa6e8c41023f6755d346a85ba4e066c9f772fb41efccc4d8cfb400818c741fa90f0fee42b14ef47425ef662617c9ee9b0b6520c495e28416b0610f02bdec42b9810e2cfb70a99aa0282f82f62648eca72cf146c7bb7d9814741ddeed556bb5bbf5e6569bb6edc5b4eae7016368e6e8d6b24eca367026dec16a26b3d76d93f46cd1b1878b2263b85d00c477a746e76eb1716eb649d70ba476f7a2c37ed183ea52d9cd6d86a44473372c5e14d3fad91e77f30e5dda6b463df51c10395c6d8815bfb616988abeb0adfe4ee1774483f56bfb4840087425acc97d72c7cc15decc833a3cc1c97585d3ac976053c4e861a85b10bf2d68184a16a6c62fde09effd9c32b07e712bcf09550f742056fb39830c4e7ebe0b56618abff5abbf065c4c267963051b1edbfc8cc3117fa7c2c03b6a9cd79344b762d4b20ee01d60ea4b96492ea15980335ed178245d292088fbda6c1274bf1f1a05987463b3702cfe3be8c32d2b67fddfcd820c4f76676838abda4a338f5f84221ecf5b8976b9a9dedc13836ef66449b16278d2d972fb2f9fdeeecbe64509cbbdad89b99b9f27afea8edc0a216a6351b2e52bb4963dab0f9e3a7bb81a96e2462fa045335072b9f97b30428c896d7f7ce0033cc6be7f3d7ab64fbdbff317b2874e7cee0762563d7c67640f42c014daba7479aca888e9f21e21f4a8c6dda675765c2224f73a2b295a608bc9f8e2e0160404374361db5b882fa9342ea666db0c0c5c635b26ec61e765fed3eb90e77f2896fec7afd7eb6459540300967cb19a2782789686e6d54ef9e1219cd5f3baaacd9360452d440a041f430ec9b30f46bddca163e545654480550bd7a0e6f080404fd6abb6558512dee81199a50734a7e7be05f1c58de844f70de7a346ec8eb585ad3fa75604d1dedbb5b3769ffa29ae63d8fa8d5987511fcf3bc1e37221db939821f26b3ef1bb3aa31ab57b374ad3368fe9e9c0bf56b8d7954d0f7a2341095f92cfb346b141d28d7930cf1281adc2b6e7dfeec2c91e358723994784ccafbbd7d7439470777616dcfee31c4b43f85b8bf4d09b608161b9e43f50fe6a912fd97bfa59711cd1737d32621db428a861bdcc5a8bf177ad9e18b178831260f8dd84b7f9dc00185cd5c5f427d80c7847dbf5508619799ce46277d5768f99511b5787c0be4b8f88c5ffb8e4ea1261bd3d7bebaa0b6f9ce0d57dbbd4925de1db9e781cd17e9e57d1bee902a22776a1dc6d1aeb16d7884eb478b5a30b124acf95cf1640702cd845e8c667e2d4edce36244363ee32cdfa10e6ce9ebaccedfc56046ed5f0d9c234e0998bdcb2e78414d4fd23256e6b99e19cb48a9bb4fd17a3ba3e92bbfb944aa49450d896dafae9d80842c665f26477756eadb0de071558856fde7eff0e64b2788bc02baf475510510b1f8958e92d3e9ea88006804530831e4d9c93dda5a6ec29315970eac8b6e71c1dfc75dce7728b82abe4a5b8eb9d34f7ccaeea315af64a5def1f3f87fafe3f480f1e954c2c76482d971195f2d3266e98135d58d486e3468d78fa73bb7ddeed26e0a08185cf3ce3c58389f3db5cf5f60013dd194a76b4642593c1735b5d704926dcd739ebde637c79dca61a01a7c6ace51c5a50324654ab8a3579dc8e6463083f4ced77b29005739b2c8315ade041151e714bd64537d0f2e4d1f3f45e1753dd3836cfd14bd11a69fcec7bf0fc617b262a8307ce2eb7595cf1b63bc1907279306b1809b4a530890a0b4bc8766ddd67cd05ad6d5eafa27a79dd406303056ea05f2ab5ef08104468b57b8adf44649cbb936a72d35aebeec97ab31b03dc1b8798dcf6193dd113903c07051eb84e2666ecbbc5dd748be7e9ecb9c2c1dca02ed8eea947489cecb1d796ddcbefd884e95970b63ed918b130359e864742bf4834974a6e882cd9a709e343cbc5ddcaf2b3de0319a3594aa4973b657994889321d8ca77e1d1977bc366f144e9d309654bf8f000377d7cb8111cc15d07b6ed58e575d1f6f9f5375717e1c9b5fd5657d7a15ad74bd3f0c424bbd05d2279c81bf48c9f2c3bb8073f809a9eb16c05d5ceb47e875f8103ff5f2efc284143e8d90f8485ab653843d90d2eaddd2426ea80b472d74150e91e1150f0489ebbe889e18c83e76793671e58e876cd65690eece8764d8212eb35326ddef418b9d7c5cce6b635e00d37bddcb789bcc5143e08a4cba3e4fa29833ddaa65e4e9d53b9594e7f47448e7a5688d43fdc4b211d76b91b49fcbf01b79dd9c9f67c4fc400000184694343504943432070726f66696c650000789c7d913d48c3401cc55f53a5452a0e161171c8509d2c888a74942a16c142692bb4ea6072e917346948525c1c05d782831f8b550717675d1d5c0541f003c4cdcd49d1454afc5f526811e3c1713fdedd7bdcbd03846695a966cf24a06a96914ec4c55c7e550cbc228420fc88614862a69ecc2c66e139beeee1e3eb5d9467799ffb73f42b0593013e91788ee98645bc413cbb69e99cf789c3ac2c29c4e7c413065d90f891ebb2cb6f9c4b0e0b3c336c64d3f3c46162b1d4c57217b3b2a112cf10471455a37c21e7b2c2798bb35aadb3f63df90b43056d25c3759aa348600949a42042461d155461214aab468a8934edc73dfc238e3f452e995c1530722ca0061592e307ff83dfdd9ac5e929372914077a5f6cfb630c08ec02ad866d7f1fdb76eb04f03f03575ac75f6b02b14fd21b1d2d72040c6c0317d71d4dde032e7780e1275d322447f2d3148a45e0fd8cbe290f0cde027d6b6e6fed7d9c3e0059ea6af906383804c64b94bdeef1ee60776fff9e69f7f703891472b089c9c40b00000f9c69545874584d4c3a636f6d2e61646f62652e786d7000000000003c3f787061636b657420626567696e3d22efbbbf222069643d2257354d304d7043656869487a7265537a4e54637a6b633964223f3e0a3c783a786d706d65746120786d6c6e733a783d2261646f62653a6e733a6d6574612f2220783a786d70746b3d22584d5020436f726520342e342e302d4578697632223e0a203c7264663a52444620786d6c6e733a7264663d22687474703a2f2f7777772e77332e6f72672f313939392f30322f32322d7264662d73796e7461782d6e7323223e0a20203c7264663a4465736372697074696f6e207264663a61626f75743d22220a20202020786d6c6e733a697074634578743d22687474703a2f2f697074632e6f72672f7374642f4970746334786d704578742f323030382d30322d32392f220a20202020786d6c6e733a786d704d4d3d22687474703a2f2f6e732e61646f62652e636f6d2f7861702f312e302f6d6d2f220a20202020786d6c6e733a73744576743d22687474703a2f2f6e732e61646f62652e636f6d2f7861702f312e302f73547970652f5265736f757263654576656e7423220a20202020786d6c6e733a706c75733d22687474703a2f2f6e732e757365706c75732e6f72672f6c64662f786d702f312e302f220a20202020786d6c6e733a47494d503d22687474703a2f2f7777772e67696d702e6f72672f786d702f220a20202020786d6c6e733a64633d22687474703a2f2f7075726c2e6f72672f64632f656c656d656e74732f312e312f220a20202020786d6c6e733a746966663d22687474703a2f2f6e732e61646f62652e636f6d2f746966662f312e302f220a20202020786d6c6e733a786d703d22687474703a2f2f6e732e61646f62652e636f6d2f7861702f312e302f220a202020786d704d4d3a446f63756d656e7449443d2267696d703a646f6369643a67696d703a32383134323066392d613435372d343630342d626263662d376534633431386266303838220a202020786d704d4d3a496e7374616e636549443d22786d702e6969643a37636463386435612d353166632d343666302d386366332d353264316663633739316665220a202020786d704d4d3a4f726967696e616c446f63756d656e7449443d22786d702e6469643a37383662396438362d353261662d343537372d383635392d303733326538623762343935220a20202047494d503a4150493d22322e30220a20202047494d503a506c6174666f726d3d2257696e646f7773220a20202047494d503a54696d655374616d703d2231363338393335383038323830383832220a20202047494d503a56657273696f6e3d22322e31302e3232220a20202064633a466f726d61743d22696d6167652f706e67220a202020746966663a4f7269656e746174696f6e3d2231220a202020786d703a43726561746f72546f6f6c3d2247494d5020322e3130223e0a2020203c697074634578743a4c6f636174696f6e437265617465643e0a202020203c7264663a4261672f3e0a2020203c2f697074634578743a4c6f636174696f6e437265617465643e0a2020203c697074634578743a4c6f636174696f6e53686f776e3e0a202020203c7264663a4261672f3e0a2020203c2f697074634578743a4c6f636174696f6e53686f776e3e0a2020203c697074634578743a417274776f726b4f724f626a6563743e0a202020203c7264663a4261672f3e0a2020203c2f697074634578743a417274776f726b4f724f626a6563743e0a2020203c697074634578743a526567697374727949643e0a202020203c7264663a4261672f3e0a2020203c2f697074634578743a526567697374727949643e0a2020203c786d704d4d3a486973746f72793e0a202020203c7264663a5365713e0a20202020203c7264663a6c690a20202020202073744576743a616374696f6e3d227361766564220a20202020202073744576743a6368616e6765643d222f220a20202020202073744576743a696e7374616e636549443d22786d702e6969643a39653266313362352d613630382d343566312d393433362d323263623933316465663866220a20202020202073744576743a736f6674776172654167656e743d2247696d7020322e3130202857696e646f777329220a20202020202073744576743a7768656e3d22323032312d31322d30385430303a35363a3438222f3e0a202020203c2f7264663a5365713e0a2020203c2f786d704d4d3a486973746f72793e0a2020203c706c75733a496d616765537570706c6965723e0a202020203c7264663a5365712f3e0a2020203c2f706c75733a496d616765537570706c6965723e0a2020203c706c75733a496d61676543726561746f723e0a202020203c7264663a5365712f3e0a2020203c2f706c75733a496d61676543726561746f723e0a2020203c706c75733a436f707972696768744f776e65723e0a202020203c7264663a5365712f3e0a2020203c2f706c75733a436f707972696768744f776e65723e0a2020203c706c75733a4c6963656e736f723e0a202020203c7264663a5365712f3e0a2020203c2f706c75733a4c6963656e736f723e0a20203c2f7264663a4465736372697074696f6e3e0a203c2f7264663a5244463e0a3c2f783a786d706d6574613e0a202020202020202020202020202020202020202020202020202020202020202020202020202020202020202020202020202020202020202020202020202020202020202020202020202020202020202020202020202020202020202020202020202020200a202020202020202020202020202020202020202020202020202020202020202020202020202020202020202020202020202020202020202020202020202020202020202020202020202020202020202020202020202020202020202020202020202020200a202020202020202020202020202020202020202020202020202020202020202020202020202020202020202020202020202020202020202020202020202020202020202020202020202020202020202020202020202020202020202020202020202020200a202020202020202020202020202020202020202020202020202020202020202020202020202020202020202020202020202020202020202020202020202020202020202020202020202020202020202020202020202020202020202020202020202020200a202020202020202020202020202020202020202020202020202020202020202020202020202020202020202020202020202020202020202020202020202020202020202020202020202020202020202020202020202020202020202020202020202020200a202020202020202020202020202020202020202020202020202020202020202020202020202020202020202020202020202020202020202020202020202020202020202020202020202020202020202020202020202020202020202020202020202020200a202020202020202020202020202020202020202020202020202020202020202020202020202020202020202020202020202020202020202020202020202020202020202020202020202020202020202020202020202020202020202020202020202020200a202020202020202020202020202020202020202020202020202020202020202020202020202020202020202020202020202020202020202020202020202020202020202020202020202020202020202020202020202020202020202020202020202020200a202020202020202020202020202020202020202020202020202020202020202020202020202020202020202020202020202020202020202020202020202020202020202020202020202020202020202020202020202020202020202020202020202020200a202020202020202020202020202020202020202020202020202020202020202020202020202020202020202020202020202020202020202020202020202020202020202020202020202020202020202020202020202020202020202020202020202020200a202020202020202020202020202020202020202020202020202020202020202020202020202020202020202020202020202020202020202020202020202020202020202020202020202020202020202020202020202020202020202020202020202020200a202020202020202020202020202020202020202020202020202020202020202020202020202020202020202020202020202020202020202020202020202020202020202020202020202020202020202020202020202020202020202020202020202020200a202020202020202020202020202020202020202020202020202020202020202020202020202020202020202020202020202020202020202020202020202020202020202020202020202020202020202020202020202020202020202020202020202020200a202020202020202020202020202020202020202020202020202020202020202020202020202020202020202020202020202020202020202020202020202020202020202020202020202020202020202020202020202020202020202020202020202020200a202020202020202020202020202020202020202020202020202020202020202020202020202020202020202020202020202020202020202020202020202020202020202020202020202020202020202020202020202020202020202020202020202020200a202020202020202020202020202020202020202020202020202020202020202020202020202020202020202020202020202020202020202020202020202020202020202020202020202020202020202020202020202020202020202020202020202020200a202020202020202020202020202020202020202020202020202020202020202020202020202020202020202020202020202020202020202020202020202020202020202020202020202020202020202020202020202020202020202020202020202020200a202020202020202020202020202020202020202020202020202020202020202020202020202020202020202020202020202020202020202020202020202020202020202020202020202020202020202020202020202020202020202020202020202020200a202020202020202020202020202020202020202020202020202020202020202020202020202020202020202020202020202020202020202020202020202020202020202020202020202020202020202020202020202020202020202020202020202020200a202020202020202020202020202020202020202020202020202020202020202020202020202020202020202020202020202020202020202020202020202020202020202020202020202020202020202020202020202020202020202020202020202020200a2020202020202020202020202020202020202020202020202020200a3c3f787061636b657420656e643d2277223f3ef84d189d00000300504c54454c6971db9b64da9a65d99966da9966db9a65db9a65da9a65d1965cd99966da9b64db9d62dd9c63d99966db9c63da9966db9b64d99966da9966d99966dc9c64da9a65db9c63da9b64db9a650404041111111919199898981b1a1a6c6a6a454241767473bbbbbbe3e2e1d0d0cf0d0d0dd99966000000fffffffd999effe666b5d1d1ffb333ffd9a654c29cfa5966ff8766eba56ed89767e29f6add9c68e5a26bdb9a67c4e3e2e8a46dbad7d7020201b8d4d40e0c0ab4d0d0fefefebedada090807e09e691213130605041f140db0ceceafcdcdfafbfb191b1affa5aaff9fa4f6f8f8c1dfdf291c134f3724edf1f1d6915a202222342319d89763ffc036fd9197737373b2cfcffc959beea870c0bfbf4e5151160f0a242828563b2ad8945ec9c8c83f291df0f5f5ffd7a0e0edecffe8b42b2d2d696969474a4a47bd94414444ffe0ac5f432d9696963c4040616161cfcfcf463123ffe55d4ec098fffbf8b8b8b8c8dddd373939585858ff8d6b313434d5e5e5ba8357d29463838383755237cc9060c68c5d7e593bcae7e4ffad22fbe8e2e4e4e4d6d6d5fdefece8e8e8976b47b47f54ffb02affb8356b4b2dececec5d6b6b9191915ad2a858c9a28a8a8afff7f2ae7a52a7754e788b8bc1885b875f3fff93709c9c9cfff8e7ababab6c7d7d7c7c7cff5f6cfec3c2fa4d5ba1a1a1dfdfdf906544b1b1b1a6a6a69f704babc5c5dadadaff7d5aff825fffdcdc525f5ff4dfcfffeacaffd1d0fff2dbffe8ad91a8a8feb4b798afaf829696e8c19ffff76df0d4be9c5e618c621cde878ce1ad83a4bebe854846674b429fb8b8eccab0dc9f6fdea577e6bb948a9f9fffbd4b6dcbabb76f72a74e43fff7c8dfb48ccc7d80e29f2dee9095ffed8affeb6fd8f1e946a182ffb7a3388369ba9c7af1cd9ea78d6dffc664b2e4d3e97c5e8e803984d4b9a27221ffd1828b765f2b665174352fcbac85c1664e77644d20493bb37f24c98d28ffa28795dac2f2aa30d68f57e39c63d67357e1515dfff3b79b7d60a4dfcac7b9aafb6b77f88564ffd996b9a94bdfcd5cfc808aae9489e6ddd2b4a96662ac94d8965758e7f8450000000174524e530040e6d86600000001624b47440088051d48000000097048597300000b1300000b1301009a9c180000000774494d4507e50c08033830b919d7710000003574455874436f6d6d656e7400636f6e7665727465642066726f6d20766563746f722066696c6520436f6f6c436c6970735f7663303136383635bfe8ddf6000010864944415468dead9afb4f9b579ac72b0e3fecbfe040bae1a2e7a42f1014ad3c8a49de584071520b5b24128930b66cd7058740802db7626c0c232e365a031a3b840c013602cc45e29612404d1312082193b4693a6a73e964dba62199ed45ea4e9b9dd99d74a57dce796d6cc22514cd9102c6f1fb799fe79cef7339e7f56bafbd72101caffd430691c64b2fd77c6aab1c228f20d25f721cebf10889245b014592ce5a375e8d2f3b0a0b3d03a79d24e2655e447d0b7925476eaf716b004c8bec8f7a0050e0bf4c4de76a18b1a7673ac92620e49c1ed0e4e2b5b0a3fb39bed102506c8c6dea7e5d1f656c1ebff12f2118a9c9aaac5feb657086ec2d031a25e380b2f0d65d75750d2167c1aaa56ca8cc22a5eaaa1ab272cd40af31cdb9761271a29d2dee426e0f18aedeba7377f7eec3e6f80e22f7400e0d0d97c24d82974494968b832f2f089bdf5ad37e8973e91262f898144fb949642d3422a3ecdc476c5c68500e488b2b8f90dbd3fac5d9b5a845ce49bf76ebf2eedd86cb9cf4d6a4487beb998fad945ef8f48dc0c83dcb59f681d2c21abf6a61ad590bea82ea6bdc2f1c976e9d9f9c1c6d28436bfc06391982585af6c720ea8dcc7abc9a38356c4abb17d64aeebaba5fab6e901cbb38e92f0a4e8e58924ec86918a11fada0de30218becf5703f8eac23df2b39592e4a9b27cf4f8efa288d2d8e1d31e6e4e494b757198b99268cf42f219686b1dc90e5373a149a88b582588c03af6489aa3fa7c8aa48538034fa7c8438ffb991bebf8a459ce9b9cfd16ae33259475c6a6f2a2e96d9e83d2583e048cb34dc3aec43e58fd397ecc248b8bd67948abbeeafa7d3e6d6caf6a6767d10935b78e9cee5e3c7992c6609f960356b8074a699f6ec798baaf503ebe8146f1d13740b4c97ee040586ac0f48c4fd5dd1ef84b3b8597bfebd4c9db59a25454e5db7a8ca671c59e9a53bc77787c679b181b8f12e3f85581eb7333dfdbff6ecd9e35bcde2206747ed7e70d138e591abb72eef5e354629f5fdc4eeb1ff7f5758b37bddcc2c6469956e128e3adac143b9404de9c2ee97c6c566b6b2bd795e2fc0ffadb0ce2d9a8099f5771a0b1da19441225a4c5c72b777e345cf6fad464d8a6ac61a69a5623178ff2380fa94de071333eb22354258ca206e6653eeed47efa133345b79378c74b881c69d6ac2b7cdb6df58aaa06f67c0cb8fa84372b199f68133c41a62463df931f9bb668a99291fc258177d545d004554f5735252d2090518b3ff87a3fee873ede02e1e476b4b835225a42e1d73efedbf7e372a362fa01e7b2134f31731b06350f6e62f1195740f648d7ec9c9f769b7e4e224ed97ad2c2389c03cae789a7cbeccb7c0f55814621d4694980f514d7f60a877b3e075b131fd5f19cba7d27117ff2ea28ba1e97262eebb9d7c9e36b002b180f905ee846981bad2a09b399894f40d284a282d664efe859600777194b6ea35a1d9ea00a84dbe489b198acc52da049702a8b758ea32c28e148ebaa7805e9cce985defbff16919f57217d1ac41381d62d583e2c7f77ce2152efd45ac0afaab41b5332df8a1e07be6e03d19fc19132b6ddde93a57465ba3b88b0db431d5b3922488dc044fd0ac86400142537a338f875ca47110ff59d2897b18ef7f3e61616f64b31292c35ddc4d45476e5d48a8f6fdf0347934c822cdcc92cb2117a9390fe20f31d17cf36ed26fb9a10eca16d7c0cd1a91b94385913801590d541cbfc1590d6cc2ee845ca438216ca4de43477f667ff757ab28d53ee366a9b2af310f035e923ac6fa9c99e0fbe03a4f78adf15214f9829550afffe6debb7cfecdcc5096c7e97969b694cbe18d10b72bf9f79f8fe21af96e30818955fe8be8e168b0701447abb85471d8d81bf92ca4ca0eff37da2dc62e061a1869be7241f328f9af3f3ebdc1ae5b405150b52896f9ca564af4a08eaab958934ee41873fc7e6fb7df5f6e8c8b6bea8f8d35da194ad3c20d23f242d6b964626cb3db89e3ead6fe1169f4bbd46a155adb3848a925e9b37bdfe8e361cd3021ac13eac98a56a5d14ecdd1d9a776847d30be5297ede88a69a52ebf15d61f8a8f17161ec240b0b7f004de7630d5ac37bcae9dd20ba5beb8bdab9b8faeae68477655559557a5326707239210fb507d7d2d3ae94765addc2e37d370f5ead5dede7ceb4e595f132b6dc57d258d2c2baab4e6b07e875a848ca8fdf695a44322b1713b5bdb404be241af73f85fdcb97c974bff2d918aa2ea97776e40aabf115f6b7ffba7efbffc5dd2ef24585c3f5b27419886c208b2aa7f8b9093d994e16121c5464757f2175bcc0b89890fd25255545d115446128f25d1ba0b7f6a0561065eae436c18051c36d44e0075378ed2738989896fa7834bf587a495c1ed32a73ab88b421bbcd4f972c579e79085370d1a766967ab78125989a5d0afe502fb2c29184ab41f0639eb803ecdbeb66ecb4bc704611f461b9d0cb0c0e863a8c46b50c2edba27c358fa52c5594688c19f36614e51ba4e9b4306605ee061421bce5f44476f815f623dc6ebfec433fe89a49f55c1986fe2ac2954ea3aac4ee8112cae38a3d1c856bfcc17037d659cf510baa8f83d632d598262e80517679d01f73a1b1b424c5919b62aaef8eae2f63e63397845ceba0f3d5a2afee6e7a9502fadca83c1a23e558530164ad2ab586e98b2f5854bbe20e701632dc358052fde28685483da55d29dcf1ba2c60a210b3ad765d540db4155637f7f8903b2f2a2386dffb59fee3f58866a01a74935a2787dd09b5d9527dd686755b6ba624ea1b4afb77f217b33533354d222ed32b736951748173dfc18641996fec1aab4b0a0865e564a2aa6609d6e95d75d0f4cf38d4a23b04c4ca361b0dda084873700a6b2a53d8d4c199567ed8d2eef823ef6c18a19a85d77c3c726ec0c5f287596ccc54b44ce85c407cb0f1ea4b11dda4e873f3b0ab31a4b6a2889c1738cd58311b4fe1ead06ac7c92693194f0b9eebac017f208c09851cd2aabb4bf2a9b780cdf26bc2dd2836330b401cb09ca0c7657ec2ad88aa9f5d992580d90cd261f0d65e6d2735f2478e0938484099a92b5ae24b89399386139236ad12f75faf90512eb19b4096a5e7999d827fe2d2141c3585f8bc38a506bb276f2678c0059d95e2860ac3e680c08df2a68798143b15e405482097e4848b859360fe0dc607f8cbbb19ec6ae2a26ad1d39b8e625107752127ed631b628eaa86e2a7e8da88474c64a689e02b06fc41a021dde5f1bd785293eaad788429f90840fc32ceac582687a8ea17ec84d67bf1a662077a3e30bdc4165492bb50baa2ad1598583b35060f33c83f43ae849cedaaf61bfc6cf8049be11ab1314ad549aa93e7589b712e29f2d27b22c0d535c2c45f994bbf8439a87b3dac0b3d1d904b1cb709b2845114bc1e6688c96c718df9930b38fbd5d6e2dbbc9598a0f396b6cbdec1518919960d4e66042778155e46a8dbe06d71ea0c07ab8c08c3b9a1923e113f88aade6b81ece6ec8921b60665856e0578bd62c76ad561973f27ee63314d8588a8ab363b959ff09268fa930611c360a2166572d1ab0540dd6122f8f48b1b86b22f1e3c2c49fa05260e5a755f14bc2b75f69a484614af805c0bdf1f1cb59508ccd1d9bd12baba5892bca9f90c4aaccc04551c54655654adb4293c7f3490256f4a18d5903f8b1434bc2701befc071b2f31a24b1c29cc5d55d9cca8e1c3c5f7dfb217c82f375330ec23656eb88958d9e0c61499fda8d3314a7680c88759a97821dbdffc404ff150bc7842f30de4e6fccea0059355ea21b16e674e05563566c6251f431c05285c351dee8e8fe1b9bfc0f7908bd8d1b9c4d8eab5a40363c8630ebb090d183995a9d9a332109ffcc415e16bb26384bc97e4e946fcaaac1c87bf30cc22ae705e18c22dbaceb66696716a02d85092ec6c1e3d193cb7e9ec326bb666356274eb260e9c0b58a9ac21e46999fdf4edfc1209241011798319f322735996cbac4ae4d59d8a3cf0be62ba773b14ccc08c2924c91cf7a9db733e1d09b2c1b365945df1798be4cc84ac46dd1bad53198a515302da8af44761e61cb790cbbab6a359d60595a31cc32486ca58afabee6ac9b3ec6aadbf8d8d18e1941107113526740585b06f60b45a2f80eb63a30cdb2a1361ead13274a4d37ff8675e895aca5147116db313b3b6c1ccb107aa09c969d7c8ca2b0f172c243aba0a04cca729bb1483acc1ca40bbc4f1cc015683b766c6c47132d7b81a2e0d9d0a19558e2ab59f2234c48122b829d95f408c3baea46d663b7718171c6165926e8a9a01f48db2f39d3c68c30accf17315a4e7181f1a1adcc2bef2bea6a7d05cbb0c26267c31d69a09c12a675623f366519fcd4839a8dbd81a328e32b596dfbc4f1e07176841b0bc89c5042b578e99cba75c4e87730506a5597dfd8a4dab5717964977b604c50359095d3d35a8ccd8c7da20aabd2b45ac74fd7f21c398d5a8b45641d4ae92627f278ad4e50f777acec4aeca8b33358b4f371e654a7143b7bcbfbb5968a940382808549fda26e7316967b637de85ca533139473fb5845f252639c969a6d8290726c786e6eaed5cc177c63563df693b612833cb4c5694983b103c2124036db5955a4cc4df558b3529532595496f1c6660f1d30e11f3a50d1981eea124804e6ed29612e1eda2a0ea6cccd5895a14ef3b17c53162edcb060ae3c1d76a67ed4004b983274d319536d2b7b5b250ed9d0a60f43d83e7749b0b46b8e86ce4348a721ae4248993f13909552e36ea973b2b1f9731576e6af7b73df8822ec9618008bbe03ba4003ad19ea944706b7769b3fe7b02b99062cdedcce7018998d964caaed94bf1ab232d3284ed9f43e5765a9336ccad8993b40e99053fe2b9e17a1380b01f2866d46a5c61e0e6bc9ac6dd99267ab61061636da6ef0d8c3bc8c3cca4d925fff552ce234b00aa6f682e7e82a37715c6ff68dd7d8b70a2301584f85397f158cffdf0d96a535755b8491bd43ee3a069bb1b9ac507b74954764b18c8a330a93734b2c22c7754cef4458da9465440fb5f6558fa8c8b88a5a66c070746b9a78d6e7cf33b0a72287a6b54d797c01c260d7757e35ee65dd5bf1922caad916a186384da09fd3366581a62e321c36a42cb1cd2bd2b7e2259975ed8a13abb00bed4c87ea616d53251c6989085f4e53955968dba4b50c6765834eecf2c84964cb7e2818b6f45b4131101e4e6e30e26ef6c8169c24cbcadc181a8dbb09128115cd3a6c71613b18b602d8bdb4db86959bf424e14dd3eddf4f7a4b31af928821d6205a5a31d51b6ae42450e78e2a759614dd263d6f78d3f43439f98987e5681289195597616b7d1d13847b6f2016edca3c0b361967b7c03a9a7e3bf951ba740cc5cba32ea3428b3028ecdccb9faed640811659b5915b08a17a45ed13c5caa99d9bf53a07b5edbca51fa893cb51780e0b2ee41658d8cd6117b7b2c9e185632c639fb63c8b275583e708a435d98e6505ce2e5f659873a8255c039804ad7382add19b1a48d27daa9419d8cadc07934bb8d3d8524c0907cdae985ebd4c599523dae6776cd6f36efcd49e90bd2c6bb70d0b36b3a8d2e23fdbf421804cfb769eeca3a21006fa3319291516add696d1c36aa47b7bdf1208c040df33353fbfd4c38b64a97d7b5f39603e9f55ac3a0a3e5267efa8d90e8c3f85ef480f3fd1eec4962fb76e5bac9ab335f24ecf4a2771d64eae54a5e7d66f878546286b4844e75983c95458dfe1c4506a987df4b450be0db3167372ac1a7ece1cfc06c5a2f85df28fdb628d974d3ec7080d556d72857e97bc2dbb16c5cf93934bddab4a5be3e47b4fb6315f64b6393939f9eaaac3f01a7d57f126bbf68d59f7279155bb2af7ed356c2b8a9e2f573d4c4e7e94b9ca0adcc4695a7ebd5946bbd7fbe2c5b5ece5e7af19c37522fff5b22f2fb9be5c94ed287eb1bcfc72306c231c9f5f5f7ed8fbf0fef23fe6bb437bb7e3d026d1fdea0ffd3f22dab172909a6c390000000049454e44ae426082);

-- --------------------------------------------------------

--
-- Estrutura da tabela `produto`
--

CREATE TABLE `produto` (
  `codigoProduto` int(11) NOT NULL,
  `nomeProduto` varchar(256) DEFAULT NULL,
  `valorUnitario` float DEFAULT NULL,
  `codigoFornecedor` int(11) NOT NULL,
  `codigoSecao` int(11) NOT NULL,
  `codigoImagem` int(11) DEFAULT NULL
) ENGINE=InnoDB DEFAULT CHARSET=latin1;

--
-- Extraindo dados da tabela `produto`
--

INSERT INTO `produto` (`codigoProduto`, `nomeProduto`, `valorUnitario`, `codigoFornecedor`, `codigoSecao`, `codigoImagem`) VALUES
(1, 'Coca-Cola', 4, 3, 3, 1),
(2, 'Agua Ceara', 2.5, 5, 3, 1),
(3, 'Suco De Frutas', 3.5, 1, 3, 1),
(4, 'Leite Santa Clara', 3.5, 6, 2, 1),
(5, 'Queijo Santa Clara', 5, 6, 2, 1),
(6, 'Picanhas Friboi', 20, 10, 10, 1),
(7, 'Barra de Chocolate ChocOco', 6, 8, 1, 1),
(8, 'Presuntos Sadia', 4, 7, 6, 1),
(9, 'Preservativo Prudence Star Wars', 0.5, 4, 7, 1),
(10, 'Head&Shoulders', 10, 9, 7, 1),
(11, 'Doritos', 5, 2, 1, 1);

-- --------------------------------------------------------

--
-- Estrutura da tabela `secao`
--

CREATE TABLE `secao` (
  `codigoSecao` int(11) NOT NULL,
  `nomeSecao` varchar(256) DEFAULT NULL
) ENGINE=InnoDB DEFAULT CHARSET=latin1;

--
-- Extraindo dados da tabela `secao`
--

INSERT INTO `secao` (`codigoSecao`, `nomeSecao`) VALUES
(1, 'Guloseimas'),
(2, 'Laticinios'),
(3, 'Bebidas'),
(4, 'Alimentaçao'),
(5, 'Frutas'),
(6, 'Frios'),
(7, 'Limpeza'),
(8, 'Eletrodomesticos'),
(9, 'Padaria'),
(10, 'Açougue');

-- --------------------------------------------------------

--
-- Estrutura da tabela `transportadora`
--

CREATE TABLE `transportadora` (
  `codigoTransportadora` int(11) NOT NULL,
  `nomeTransportadora` varchar(256) DEFAULT NULL,
  `telefoneTransportadora` varchar(12) DEFAULT NULL,
  `emailTransportadora` varchar(256) DEFAULT NULL,
  `codigoEndereco` int(11) NOT NULL
) ENGINE=InnoDB DEFAULT CHARSET=latin1;

--
-- Extraindo dados da tabela `transportadora`
--

INSERT INTO `transportadora` (`codigoTransportadora`, `nomeTransportadora`, `telefoneTransportadora`, `emailTransportadora`, `codigoEndereco`) VALUES
(1, 'Trans Adão', '54 3224 6969', 'capetinha23mole@bol.com.br', 31),
(2, 'Trans Apeca', '57 3225-9856', 'apeca@trans.com', 32),
(3, 'Trans Ada', '51 3365-5970', 'ada@trans.com', 33),
(4, 'Paula Traz', '51 3659-1200', 'traz@paula.com', 34),
(5, 'Trans Ei', '54 3226-6995', 'ei@trans.com', 35),
(6, 'Trans Artur', '54 3225-8550', 'artur@trans.com', 36),
(7, 'Trans Udo', '57 3229-9885', 'udo@trans.com', 37),
(8, 'Trans X', '52 3225-9880', 'x@trans.com', 38),
(9, 'Trans Plante', '57 3226-9000', 'plante@trans.com', 39),
(10, 'Trans Samantha', '54 3225-5890', 'sam@trans.com', 40);

--
-- Índices para tabelas despejadas
--

--
-- Índices para tabela `categoriasalario`
--
ALTER TABLE `categoriasalario`
  ADD PRIMARY KEY (`codigoCategoriaSalario`);

--
-- Índices para tabela `cliente`
--
ALTER TABLE `cliente`
  ADD PRIMARY KEY (`codigoCliente`),
  ADD KEY `fk_Cliente_Endereco1_idx` (`codigoEndereco`);

--
-- Índices para tabela `compra`
--
ALTER TABLE `compra`
  ADD PRIMARY KEY (`codigoCompra`),
  ADD KEY `fk_Compra_Cliente_idx` (`codigoCliente`),
  ADD KEY `fk_Compra_Transportadora1_idx` (`codigoTransportadora`);

--
-- Índices para tabela `compraproduto`
--
ALTER TABLE `compraproduto`
  ADD PRIMARY KEY (`codigoCompra`,`codigoProduto`),
  ADD KEY `fk_Compra_has_Produto_Produto1_idx` (`codigoProduto`),
  ADD KEY `fk_Compra_has_Produto_Compra1_idx` (`codigoCompra`);

--
-- Índices para tabela `endereco`
--
ALTER TABLE `endereco`
  ADD PRIMARY KEY (`codigoEndereco`);

--
-- Índices para tabela `fornecedor`
--
ALTER TABLE `fornecedor`
  ADD PRIMARY KEY (`codigoFornecedor`),
  ADD KEY `fk_Fornecedor_Endereco1_idx` (`codigoEndereco`);

--
-- Índices para tabela `funcionario`
--
ALTER TABLE `funcionario`
  ADD PRIMARY KEY (`codigoFuncionario`),
  ADD KEY `fk_Funcionario_Secao1_idx` (`codigoSecao`),
  ADD KEY `fk_Funcionario_CategoriaSalario1_idx` (`codigoCategoriaSalario`),
  ADD KEY `fk_Funcionario_Endereco1_idx` (`codigoEndereco`),
  ADD KEY `fk_Funcionario_idx` (`codigoFuncionario`),
  ADD KEY `fk_Funcionario_Funcionario1_idx` (`codigoGerente`);

--
-- Índices para tabela `imagem`
--
ALTER TABLE `imagem`
  ADD PRIMARY KEY (`codigoImagem`);

--
-- Índices para tabela `produto`
--
ALTER TABLE `produto`
  ADD PRIMARY KEY (`codigoProduto`),
  ADD KEY `fk_Produto_Fornecedor1_idx` (`codigoFornecedor`),
  ADD KEY `fk_Produto_Secao1_idx` (`codigoSecao`);

--
-- Índices para tabela `secao`
--
ALTER TABLE `secao`
  ADD PRIMARY KEY (`codigoSecao`);

--
-- Índices para tabela `transportadora`
--
ALTER TABLE `transportadora`
  ADD PRIMARY KEY (`codigoTransportadora`),
  ADD KEY `fk_Transportadora_Endereco1_idx` (`codigoEndereco`);

--
-- Restrições para despejos de tabelas
--

--
-- Limitadores para a tabela `cliente`
--
ALTER TABLE `cliente`
  ADD CONSTRAINT `fk_Cliente_Endereco1` FOREIGN KEY (`codigoEndereco`) REFERENCES `endereco` (`codigoEndereco`) ON DELETE NO ACTION ON UPDATE NO ACTION;

--
-- Limitadores para a tabela `compra`
--
ALTER TABLE `compra`
  ADD CONSTRAINT `fk_Compra_Cliente` FOREIGN KEY (`codigoCliente`) REFERENCES `cliente` (`codigoCliente`) ON DELETE NO ACTION ON UPDATE NO ACTION,
  ADD CONSTRAINT `fk_Compra_Transportadora1` FOREIGN KEY (`codigoTransportadora`) REFERENCES `transportadora` (`codigoTransportadora`) ON DELETE NO ACTION ON UPDATE NO ACTION;

--
-- Limitadores para a tabela `compraproduto`
--
ALTER TABLE `compraproduto`
  ADD CONSTRAINT `fk_Compra_has_Produto_Compra1` FOREIGN KEY (`codigoCompra`) REFERENCES `compra` (`codigoCompra`) ON DELETE NO ACTION ON UPDATE NO ACTION,
  ADD CONSTRAINT `fk_Compra_has_Produto_Produto1` FOREIGN KEY (`codigoProduto`) REFERENCES `produto` (`codigoProduto`) ON DELETE NO ACTION ON UPDATE NO ACTION;

--
-- Limitadores para a tabela `fornecedor`
--
ALTER TABLE `fornecedor`
  ADD CONSTRAINT `fk_Fornecedor_Endereco1` FOREIGN KEY (`codigoEndereco`) REFERENCES `endereco` (`codigoEndereco`) ON DELETE NO ACTION ON UPDATE NO ACTION;

--
-- Limitadores para a tabela `funcionario`
--
ALTER TABLE `funcionario`
  ADD CONSTRAINT `fk_Funcionario_CategoriaSalario1` FOREIGN KEY (`codigoCategoriaSalario`) REFERENCES `categoriasalario` (`codigoCategoriaSalario`) ON DELETE NO ACTION ON UPDATE NO ACTION,
  ADD CONSTRAINT `fk_Funcionario_Endereco1` FOREIGN KEY (`codigoEndereco`) REFERENCES `endereco` (`codigoEndereco`) ON DELETE NO ACTION ON UPDATE NO ACTION,
  ADD CONSTRAINT `fk_Funcionario_Funcionario1` FOREIGN KEY (`codigoGerente`) REFERENCES `funcionario` (`codigoFuncionario`) ON DELETE NO ACTION ON UPDATE NO ACTION,
  ADD CONSTRAINT `fk_Funcionario_Secao1` FOREIGN KEY (`codigoSecao`) REFERENCES `secao` (`codigoSecao`) ON DELETE NO ACTION ON UPDATE NO ACTION;

--
-- Limitadores para a tabela `produto`
--
ALTER TABLE `produto`
  ADD CONSTRAINT `fk_Produto_Fornecedor1` FOREIGN KEY (`codigoFornecedor`) REFERENCES `fornecedor` (`codigoFornecedor`) ON DELETE NO ACTION ON UPDATE NO ACTION,
  ADD CONSTRAINT `fk_Produto_Secao1` FOREIGN KEY (`codigoSecao`) REFERENCES `secao` (`codigoSecao`) ON DELETE NO ACTION ON UPDATE NO ACTION;

--
-- Limitadores para a tabela `transportadora`
--
ALTER TABLE `transportadora`
  ADD CONSTRAINT `fk_Transportadora_Endereco1` FOREIGN KEY (`codigoEndereco`) REFERENCES `endereco` (`codigoEndereco`) ON DELETE NO ACTION ON UPDATE NO ACTION;
COMMIT;

/*!40101 SET CHARACTER_SET_CLIENT=@OLD_CHARACTER_SET_CLIENT */;
/*!40101 SET CHARACTER_SET_RESULTS=@OLD_CHARACTER_SET_RESULTS */;
/*!40101 SET COLLATION_CONNECTION=@OLD_COLLATION_CONNECTION */;
